{
    "imagesAPI": [

        {
          "albumId": 1,
          "id": 1,
          "album":"branding",
          "title": "reprehenderit est deserunt velit ipsam",
          "url": "https://via.placeholder.com/600/771736",
          "thumbnailUrl": "https://via.placeholder.com/150/771736"
        },
        {
          "albumId": 1,
          "id": 2,
          "album":"branding",
          "title": "reprehenderit est deserunt velit ipsam",
          "url": "https://via.placeholder.com/600/771796",
          "thumbnailUrl": "https://via.placeholder.com/150/771796"
        },
        {
          "albumId": 1,
          "id": 3,
          "album":"branding",
          "title": "officia porro iure quia iusto qui ipsa ut modi",
          "url": "https://via.placeholder.com/600/24f355",
          "thumbnailUrl": "https://via.placeholder.com/150/24f355"
        },
        {
          "albumId": 1,
          "id": 4,
          "album":"branding",
          "title": "culpa odio esse rerum omnis laboriosam voluptate repudiandae",
          "url": "https://via.placeholder.com/600/d32776",
          "thumbnailUrl": "https://via.placeholder.com/150/d32776"
        },
        {
          "albumId": 1,
          "id": 5,
          "album":"branding",
          "title": "natus nisi omnis corporis facere molestiae rerum in",
          "url": "https://via.placeholder.com/600/f66b97",
          "thumbnailUrl": "https://via.placeholder.com/150/f66b97"
        },
        {
          "albumId": 1,
          "id": 6,
          "album":"branding",
          "title": "accusamus ea aliquid et amet sequi nemo",
          "url": "https://via.placeholder.com/600/56a8c2",
          "thumbnailUrl": "https://via.placeholder.com/150/56a8c2"
        },
        {
          "albumId": 1,
          "id": 7,
          "album":"branding",
          "title": "officia delectus consequatur vero aut veniam explicabo molestias",
          "url": "https://via.placeholder.com/600/b0f7cc",
          "thumbnailUrl": "https://via.placeholder.com/150/b0f7cc"
        },
        {
          "albumId": 1,
          "id": 8,
          "album":"branding",
          "title": "aut porro officiis laborum odit ea laudantium corporis",
          "url": "https://via.placeholder.com/600/54176f",
          "thumbnailUrl": "https://via.placeholder.com/150/54176f"
        },
        {
          "albumId": 1,
          "id": 9,
          "album":"branding",
          "title": "qui eius qui autem sed",
          "url": "https://via.placeholder.com/600/51aa97",
          "thumbnailUrl": "https://via.placeholder.com/150/51aa97"
        },
        {
          "albumId": 1,
          "id": 10,
          "album":"branding",
          "title": "beatae et provident et ut vel",
          "url": "https://via.placeholder.com/600/810b14",
          "thumbnailUrl": "https://via.placeholder.com/150/810b14"
        },
        {
          "albumId": 1,
          "id": 11,
          "album":"branding",
          "title": "nihil at amet non hic quia qui",
          "url": "https://via.placeholder.com/600/1ee8a4",
          "thumbnailUrl": "https://via.placeholder.com/150/1ee8a4"
        },
        {
          "albumId": 1,
          "id": 12,
          "album":"branding",
          "title": "mollitia soluta ut rerum eos aliquam consequatur perspiciatis maiores",
          "url": "https://via.placeholder.com/600/66b7d2",
          "thumbnailUrl": "https://via.placeholder.com/150/66b7d2"
        },
        {
          "albumId": 1,
          "id": 13,
          "album":"branding",
          "title": "repudiandae iusto deleniti rerum",
          "url": "https://via.placeholder.com/600/197d29",
          "thumbnailUrl": "https://via.placeholder.com/150/197d29"
        },
        {
          "albumId": 1,
          "id": 14,
          "album":"branding",
          "title": "est necessitatibus architecto ut laborum",
          "url": "https://via.placeholder.com/600/61a65",
          "thumbnailUrl": "https://via.placeholder.com/150/61a65"
        },
        {
          "albumId": 1,
          "id": 15,
          "album":"branding",
          "title": "harum dicta similique quis dolore earum ex qui",
          "url": "https://via.placeholder.com/600/f9cee5",
          "thumbnailUrl": "https://via.placeholder.com/150/f9cee5"
        },
        {
          "albumId": 1,
          "id": 16,
          "album":"branding",
          "title": "iusto sunt nobis quasi veritatis quas expedita voluptatum deserunt",
          "url": "https://via.placeholder.com/600/fdf73e",
          "thumbnailUrl": "https://via.placeholder.com/150/fdf73e"
        },
        {
          "albumId": 1,
          "id": 17,
          "album":"branding",
          "title": "natus doloribus necessitatibus ipsa",
          "url": "https://via.placeholder.com/600/9c184f",
          "thumbnailUrl": "https://via.placeholder.com/150/9c184f"
        },
        {
          "albumId": 1,
          "id": 18,
          "album":"branding",
          "title": "laboriosam odit nam necessitatibus et illum dolores reiciendis",
          "url": "https://via.placeholder.com/600/1fe46f",
          "thumbnailUrl": "https://via.placeholder.com/150/1fe46f"
        },
        {
          "albumId": 1,
          "id": 19,
          "album":"branding",
          "title": "perferendis nesciunt eveniet et optio a",
          "url": "https://via.placeholder.com/600/56acb2",
          "thumbnailUrl": "https://via.placeholder.com/150/56acb2"
        },
        {
          "albumId": 1,
          "id": 20,
          "album":"branding",
          "title": "assumenda voluptatem laboriosam enim consequatur veniam placeat reiciendis error",
          "url": "https://via.placeholder.com/600/8985dc",
          "thumbnailUrl": "https://via.placeholder.com/150/8985dc"
        },
        {
          "albumId": 1,
          "id": 21,
          "album":"branding",
          "title": "ad et natus qui",
          "url": "https://via.placeholder.com/600/5e12c6",
          "thumbnailUrl": "https://via.placeholder.com/150/5e12c6"
        },
        {
          "albumId": 1,
          "id": 22,
          "album":"branding",
          "title": "et ea illo et sit voluptas animi blanditiis porro",
          "url": "https://via.placeholder.com/600/45601a",
          "thumbnailUrl": "https://via.placeholder.com/150/45601a"
        },
        {
          "albumId": 1,
          "id": 23,
          "album":"branding",
          "title": "harum velit vero totam",
          "url": "https://via.placeholder.com/600/e924e6",
          "thumbnailUrl": "https://via.placeholder.com/150/e924e6"
        },
        {
          "albumId": 1,
          "id": 24,
          "album":"branding",
          "title": "beatae officiis ut aut",
          "url": "https://via.placeholder.com/600/8f209a",
          "thumbnailUrl": "https://via.placeholder.com/150/8f209a"
        },
        {
          "albumId": 1,
          "id": 25,
          "album":"branding",
          "title": "facere non quis fuga fugit vitae",
          "url": "https://via.placeholder.com/600/5e3a73",
          "thumbnailUrl": "https://via.placeholder.com/150/5e3a73"
        },
        {
          "albumId": 1,
          "id": 26,
          "album":"branding",
          "title": "asperiores nobis voluptate qui",
          "url": "https://via.placeholder.com/600/474645",
          "thumbnailUrl": "https://via.placeholder.com/150/474645"
        },
        {
          "albumId": 1,
          "id": 27,
          "album":"branding",
          "title": "sit asperiores est quos quis nisi veniam error",
          "url": "https://via.placeholder.com/600/c984bf",
          "thumbnailUrl": "https://via.placeholder.com/150/c984bf"
        },
        {
          "albumId": 1,
          "id": 28,
          "album":"branding",
          "title": "non neque eligendi molestiae repudiandae illum voluptatem qui aut",
          "url": "https://via.placeholder.com/600/392537",
          "thumbnailUrl": "https://via.placeholder.com/150/392537"
        },
        {
          "albumId": 3,
          "id": 29,
          "album":"design",
          "title": "aut ipsam quos ab placeat omnis",
          "url": "https://via.placeholder.com/600/602b9e",
          "thumbnailUrl": "https://via.placeholder.com/150/602b9e"
        },
        {
          "albumId": 3,
          "id": 30,
          "album":"design",
          "title": "odio enim voluptatem quidem aut nihil illum",
          "url": "https://via.placeholder.com/600/372c93",
          "thumbnailUrl": "https://via.placeholder.com/150/372c93"
        },
        {
          "albumId": 3,
          "id": 31,
          "album":"design",
          "title": "voluptate voluptates sequi",
          "url": "https://via.placeholder.com/600/a7c272",
          "thumbnailUrl": "https://via.placeholder.com/150/a7c272"
        },
        {
          "albumId": 3,
          "id": 32,
          "album":"design",
          "title": "ad enim dignissimos voluptatem similique",
          "url": "https://via.placeholder.com/600/c70a4d",
          "thumbnailUrl": "https://via.placeholder.com/150/c70a4d"
        },
        {
          "albumId": 3,
          "id": 33,
          "album":"design",
          "title": "culpa ipsam nobis qui fuga magni et mollitia",
          "url": "https://via.placeholder.com/600/501fe1",
          "thumbnailUrl": "https://via.placeholder.com/150/501fe1"
        },
        {
          "albumId": 3,
          "id": 34,
          "album":"design",
          "title": "vitae est facere quia itaque adipisci perferendis id maiores",
          "url": "https://via.placeholder.com/600/35185e",
          "thumbnailUrl": "https://via.placeholder.com/150/35185e"
        },
        {
          "albumId": 3,
          "id": 35,
          "album":"design",
          "title": "tenetur minus voluptatum et",
          "url": "https://via.placeholder.com/600/c96cad",
          "thumbnailUrl": "https://via.placeholder.com/150/c96cad"
        },
        {
          "albumId": 3,
          "id": 36,
          "album":"design",
          "title": "expedita rerum eaque",
          "url": "https://via.placeholder.com/600/4d564d",
          "thumbnailUrl": "https://via.placeholder.com/150/4d564d"
        },
        {
          "albumId": 3,
          "id": 37,
          "album":"design",
          "title": "totam voluptas iusto deserunt dolores",
          "url": "https://via.placeholder.com/600/ea51da",
          "thumbnailUrl": "https://via.placeholder.com/150/ea51da"
        },
        {
          "albumId": 3,
          "id": 38,
          "album":"design",
          "title": "natus magnam iure rerum pariatur molestias dolore nisi",
          "url": "https://via.placeholder.com/600/4f5b8d",
          "thumbnailUrl": "https://via.placeholder.com/150/4f5b8d"
        },
        {
          "albumId": 3,
          "id": 39,
          "album":"design",
          "title": "molestiae nam ullam et rerum doloribus",
          "url": "https://via.placeholder.com/600/1e71a2",
          "thumbnailUrl": "https://via.placeholder.com/150/1e71a2"
        },
        {
          "albumId": 3,
          "id": 40,
          "album":"design",
          "title": "est quas voluptates dignissimos sint praesentium nisi recusandae",
          "url": "https://via.placeholder.com/600/3a0b95",
          "thumbnailUrl": "https://via.placeholder.com/150/3a0b95"
        },
        {
          "albumId": 3,
          "id": 41,
          "album":"design",
          "title": "in voluptatem doloremque cum atque architecto deleniti",
          "url": "https://via.placeholder.com/600/659403",
          "thumbnailUrl": "https://via.placeholder.com/150/659403"
        },
        {
          "albumId": 3,
          "id": 42,
          "album":"design",
          "title": "voluptatibus a autem molestias voluptas architecto culpa",
          "url": "https://via.placeholder.com/600/ca50ac",
          "thumbnailUrl": "https://via.placeholder.com/150/ca50ac"
        },
        {
          "albumId": 3,
          "id": 43,
          "album":"design",
          "title": "eius hic autem ad beatae voluptas",
          "url": "https://via.placeholder.com/600/6ad437",
          "thumbnailUrl": "https://via.placeholder.com/150/6ad437"
        },
        {
          "albumId": 3,
          "id": 44,
          "album":"design",
          "title": "neque eum provident et inventore sed ipsam dignissimos quo",
          "url": "https://via.placeholder.com/600/29fe9f",
          "thumbnailUrl": "https://via.placeholder.com/150/29fe9f"
        },
        {
          "albumId": 3,
          "id": 45,
          "album":"design",
          "title": "praesentium fugit quis aut voluptatum commodi dolore corrupti",
          "url": "https://via.placeholder.com/600/c4084a",
          "thumbnailUrl": "https://via.placeholder.com/150/c4084a"
        },
        {
          "albumId": 3,
          "id": 46,
          "album":"design",
          "title": "quidem maiores in quia fugit dolore explicabo occaecati",
          "url": "https://via.placeholder.com/600/e9b68",
          "thumbnailUrl": "https://via.placeholder.com/150/e9b68"
        },
        {
          "albumId": 3,
          "id": 47,
          "album":"design",
          "title": "et soluta est",
          "url": "https://via.placeholder.com/600/b4412f",
          "thumbnailUrl": "https://via.placeholder.com/150/b4412f"
        },
        {
          "albumId": 3,
          "id": 48,
          "album":"design",
          "title": "ut esse id",
          "url": "https://via.placeholder.com/600/68e0a8",
          "thumbnailUrl": "https://via.placeholder.com/150/68e0a8"
        },
        {
          "albumId": 3,
          "id": 49,
          "album":"design",
          "title": "quasi quae est modi quis quam in impedit",
          "url": "https://via.placeholder.com/600/2cd88b",
          "thumbnailUrl": "https://via.placeholder.com/150/2cd88b"
        },
        {
          "albumId": 3,
          "id": 50,
          "album":"design",
          "title": "et inventore quae ut tempore eius voluptatum",
          "url": "https://via.placeholder.com/600/9e59da",
          "thumbnailUrl": "https://via.placeholder.com/150/9e59da"
        },
        {
          "albumId": 2,
          "id": 51,
          "album":"development",
          "title": "non sunt voluptatem placeat consequuntur rem incidunt",
          "url": "https://via.placeholder.com/600/8e973b",
          "thumbnailUrl": "https://via.placeholder.com/150/8e973b"
        },
        {
          "albumId": 2,
          "id": 52,
          "album":"development",
          "title": "eveniet pariatur quia nobis reiciendis laboriosam ea",
          "url": "https://via.placeholder.com/600/121fa4",
          "thumbnailUrl": "https://via.placeholder.com/150/121fa4"
        },
        {
          "albumId": 2,
          "id": 53,
          "album":"development",
          "title": "soluta et harum aliquid officiis ab omnis consequatur",
          "url": "https://via.placeholder.com/600/6efc5f",
          "thumbnailUrl": "https://via.placeholder.com/150/6efc5f"
        },
        {
          "albumId": 2,
          "id": 54,
          "album":"development",
          "title": "ut ex quibusdam dolore mollitia",
          "url": "https://via.placeholder.com/600/aa8f2e",
          "thumbnailUrl": "https://via.placeholder.com/150/aa8f2e"
        },
        {
          "albumId": 2,
          "id": 55,
          "album":"development",
          "title": "voluptatem consequatur totam qui aut iure est vel",
          "url": "https://via.placeholder.com/600/5e04a4",
          "thumbnailUrl": "https://via.placeholder.com/150/5e04a4"
        },
        {
          "albumId": 2,
          "id": 56,
          "album":"development",
          "title": "vel voluptatem esse consequuntur est officia quo aut quisquam",
          "url": "https://via.placeholder.com/600/f9f067",
          "thumbnailUrl": "https://via.placeholder.com/150/f9f067"
        },
        {
          "albumId": 2,
          "id": 57,
          "album":"development",
          "title": "vero est optio expedita quis ut molestiae",
          "url": "https://via.placeholder.com/600/95acce",
          "thumbnailUrl": "https://via.placeholder.com/150/95acce"
        },
        {
          "albumId": 2,
          "id": 58,
          "album":"development",
          "title": "rem pariatur facere eaque",
          "url": "https://via.placeholder.com/600/cde4c1",
          "thumbnailUrl": "https://via.placeholder.com/150/cde4c1"
        },
        {
          "albumId": 2,
          "id": 59,
          "album":"development",
          "title": "modi totam dolor eaque et ipsum est cupiditate",
          "url": "https://via.placeholder.com/600/a46a91",
          "thumbnailUrl": "https://via.placeholder.com/150/a46a91"
        },
        {
          "albumId": 2,
          "id": 60,
          "album":"development",
          "title": "ea enim temporibus asperiores placeat consectetur commodi ullam",
          "url": "https://via.placeholder.com/600/323599",
          "thumbnailUrl": "https://via.placeholder.com/150/323599"
        },
        {
          "albumId": 2,
          "id": 61,
          "album":"development",
          "title": "quia minus sed eveniet accusantium incidunt beatae odio",
          "url": "https://via.placeholder.com/600/e403d1",
          "thumbnailUrl": "https://via.placeholder.com/150/e403d1"
        },
        {
          "albumId": 2,
          "id": 62,
          "album":"development",
          "title": "dolorem cumque quo nihil inventore enim",
          "url": "https://via.placeholder.com/600/65ad4f",
          "thumbnailUrl": "https://via.placeholder.com/150/65ad4f"
        },
        {
          "albumId": 2,
          "id": 63,
          "album":"development",
          "title": "facere animi autem quod dolor",
          "url": "https://via.placeholder.com/600/4e557c",
          "thumbnailUrl": "https://via.placeholder.com/150/4e557c"
        },
        {
          "albumId": 2,
          "id": 64,
          "album":"development",
          "title": "doloremque culpa quia",
          "url": "https://via.placeholder.com/600/cd5a92",
          "thumbnailUrl": "https://via.placeholder.com/150/cd5a92"
        },
        {
          "albumId": 2,
          "id": 65,
          "album":"development",
          "title": "sed voluptatum enim eaque cumque qui sunt",
          "url": "https://via.placeholder.com/600/149540",
          "thumbnailUrl": "https://via.placeholder.com/150/149540"
        }
    ]
  }